create table public.teacher
(
    id   bigint generated by default as identity (start with 100)
        primary key,
    name varchar(100) not null
);

alter table public.teacher
    owner to ababab;

create table public.course
(
    id         bigint generated by default as identity (start with 100)
        primary key,
    name       varchar(50) not null
        constraint uk_course_1
            unique,
    teacher_id bigint      not null
        constraint fk_teacher_1
            references public.teacher
);

alter table public.course
    owner to ababab;

create table public.student
(
    id   bigint generated by default as identity (start with 100)
        primary key,
    name varchar(100) not null
);

alter table public.student
    owner to ababab;

create table public.student_course
(
    student_id bigint not null
        constraint fk_student_course_2
            references public.student,
    course_id  bigint not null
        constraint fk_student_source_1
            references public.course,
    primary key (student_id, course_id)
);

alter table public.student_course
    owner to ababab;

create table public.author
(
    id    bigint       not null
        primary key,
    name  varchar(255) not null,
    email varchar(255) not null
        unique
);

alter table public.author
    owner to ababab;

create table public.commenter
(
    id       bigint       not null
        primary key,
    username varchar(255) not null
        unique,
    password varchar(255) not null
);

alter table public.commenter
    owner to ababab;

create table public.post
(
    id        bigint       not null
        primary key,
    title     varchar(255) not null,
    content   varchar(255) not null,
    author_id bigint
        references public.author
);

alter table public.post
    owner to ababab;

create table public.post_author
(
    post_id   bigint not null
        references public.post,
    author_id bigint not null
        references public.author,
    primary key (post_id, author_id)
);

alter table public.post_author
    owner to ababab;

create table public.comment
(
    id           bigint       not null
        primary key,
    content      varchar(255) not null,
    post_id      bigint
        references public.post,
    commenter_id bigint
        references public.commenter
);

alter table public.comment
    owner to ababab;

create table public.appuser
(
    id       bigint       not null
        primary key,
    username varchar(255) not null,
    password varchar(255) not null
);

alter table public.appuser
    owner to ababab;

create table public.profile
(
    id         bigint not null
        primary key,
    bio        varchar(255),
    appuser_id bigint
        unique
        references public.appuser
);

alter table public.profile
    owner to ababab;

create table public.blog
(
    id          bigint       not null
        primary key,
    name        varchar(255) not null,
    description varchar(255)
);

alter table public.blog
    owner to ababab;

create table public.article
(
    id      bigint       not null
        primary key,
    title   varchar(255) not null,
    content varchar(255) not null,
    blog_id bigint
        references public.blog
);

alter table public.article
    owner to ababab;

create table public.writer
(
    id   bigint       not null
        primary key,
    name varchar(255) not null
);

alter table public.writer
    owner to ababab;

create table public.book
(
    id    bigint       not null
        primary key,
    title varchar(255) not null
);

alter table public.book
    owner to ababab;

create table public.writer_book
(
    writer_id bigint not null
        references public.writer,
    book_id   bigint not null
        references public.book,
    primary key (writer_id, book_id)
);

alter table public.writer_book
    owner to ababab;

insert into Teacher(id, name) values (1, 'Ms. Crabapple');
insert into Teacher(id, name) values (2, 'Ms. Boyd');
insert into Teacher(id, name) values (3, 'Mr. Cooper');
insert into Teacher(id, name) values (4, 'Mr. Schwartz');
insert into Teacher(id, name) values (5, 'Mrs. Lopez');
insert into Teacher(id, name) values (6, 'Mrs. Star');
insert into Teacher(id, name) values (7, 'Mr. Huber');

insert into Course(id, name, teacher_id) values (1, 'Algebra', 2);
insert into Course(id, name, teacher_id) values (2, 'Geometry', 2);
insert into Course(id, name, teacher_id) values (3, 'Trigonometry', 2);
insert into Course(id, name, teacher_id) values (4, 'Calculus', 2);
insert into Course(id, name, teacher_id) values (5, 'Biology', 3);
insert into Course(id, name, teacher_id) values (6, 'Chemistry', 3);
insert into Course(id, name, teacher_id) values (7, 'Physics', 3);
insert into Course(id, name, teacher_id) values (8, 'English', 1);
insert into Course(id, name, teacher_id) values (9, 'Spanish', 5);
insert into Course(id, name, teacher_id) values (10, 'German', 4);
insert into Course(id, name, teacher_id) values (11, 'Art', 6);
insert into Course(id, name, teacher_id) values (12, 'Theater', 1);
insert into Course(id, name, teacher_id) values (13, 'World History', 7);
insert into Course(id, name, teacher_id) values (14, 'US History', 7);
insert into Course(id, name, teacher_id) values (15, 'Government', 7);

insert into Student(id, name) values (1, 'Alice');
insert into Student(id, name) values (2, 'Beth');
insert into Student(id, name) values (3, 'Charlie');
insert into Student(id, name) values (4, 'Doug');
insert into Student(id, name) values (5, 'Elaine');
insert into Student(id, name) values (6, 'Fred');
insert into Student(id, name) values (7, 'Greta');
insert into Student(id, name) values (8, 'Harold');
insert into Student(id, name) values (9, 'Ingrid');
insert into Student(id, name) values (10, 'Jack');

insert into Student_Course(student_id, course_id) values (1, 4);
insert into Student_Course(student_id, course_id) values (1, 8);
insert into Student_Course(student_id, course_id) values (1, 11);
insert into Student_Course(student_id, course_id) values (1, 14);

insert into Student_Course(student_id, course_id) values (2, 1);
insert into Student_Course(student_id, course_id) values (2, 7);
insert into Student_Course(student_id, course_id) values (2, 10);
insert into Student_Course(student_id, course_id) values (2, 15);


insert into Student_Course(student_id, course_id) values (3, 4);
insert into Student_Course(student_id, course_id) values (3, 8);
insert into Student_Course(student_id, course_id) values (3, 11);
insert into Student_Course(student_id, course_id) values (3, 13);


insert into Student_Course(student_id, course_id) values (4, 4);
insert into Student_Course(student_id, course_id) values (4, 8);
insert into Student_Course(student_id, course_id) values (4, 11);
insert into Student_Course(student_id, course_id) values (4, 12);


insert into Student_Course(student_id, course_id) values (5, 2);
insert into Student_Course(student_id, course_id) values (5, 9);
insert into Student_Course(student_id, course_id) values (5, 12);
insert into Student_Course(student_id, course_id) values (5, 14);


insert into Student_Course(student_id, course_id) values (6, 3);
insert into Student_Course(student_id, course_id) values (6, 7);
insert into Student_Course(student_id, course_id) values (6, 11);
insert into Student_Course(student_id, course_id) values (6, 15);


insert into Student_Course(student_id, course_id) values (7, 2);
insert into Student_Course(student_id, course_id) values (7, 8);
insert into Student_Course(student_id, course_id) values (7, 10);
insert into Student_Course(student_id, course_id) values (7, 13);


insert into Student_Course(student_id, course_id) values (8, 3);
insert into Student_Course(student_id, course_id) values (8, 6);
insert into Student_Course(student_id, course_id) values (8, 9);
insert into Student_Course(student_id, course_id) values (8, 12);


insert into Student_Course(student_id, course_id) values (9, 4);
insert into Student_Course(student_id, course_id) values (9, 5);
insert into Student_Course(student_id, course_id) values (9, 12);
insert into Student_Course(student_id, course_id) values (9, 13);